date,3사 드롭액(억원),3사 카지노 매출(억원),일본+중국 입국자(만 명)
2023-04-01,9095.82,1100.47,23.43
2023-05-01,9267.62,1068.80,31.19
2023-06-01,8887.99,1354.41,36.45
2023-07-01,9063.36,1147.50,43.63
2023-08-01,9972.12,1296.66,52.31
2023-09-01,9813.98,1227.70,51.40
2023-10-01,9928.02,1094.66,50.46
2023-11-01,9396.73,1024.88,49.98
2023-12-01,10744.32,1137.70,44.95
2024-01-01,9930.94,1179.75,42.32
2024-02-01,9624.82,1389.03,52.77
2024-03-01,10383.05,1175.50,73.01
2024-04-01,10139.23,1369.53,64.06
2024-05-01,10400.52,1352.25,67.36
2024-06-01,9437.74,1130.85,65.58
2024-07-01,9704.36,1041.06,70.20
2024-08-01,11578.80,1544.69,82.90
2024-09-01,9706.62,1243.54,73.35
2024-10-01,9925.13,1150.24,71.55
2024-11-01,10017.40,1349.96,63.90
2024-12-01,9493.04,1330.41,55.73
2025-01-01,9672.43,1341.88,53.92
2025-02-01,9275.40,1252.90,56.53
2025-03-01,10459.82,1549.00,80.02
2025-04-01,10850.79,1402.61,70.11
2025-05-01,11656.32,1555.26,77.60
2025-06-01,11013.90,1526.55,76.42
2025-07-01,11637.11,1580.99,90.19
2025-08-01,12264.22,1585.21,98.35
2025-09-01,11494.71,1517.59,87.39
2025-10-01,11966.40,1525.80,78.93
2025-11-01,11634.80,1734.38,74.07
2025-12-01,11247.96,1526.93,69.88
2026-01-01,11721.33,1764.59,64.41
2026-02-01,9727.53,1602.17,73.74
2026-03-01,11159.43,1218.82,98.28
2026-04-01,12031.01,1769.51,87.83
2026-05-01,13523.58,1914.26,92.11
2026-06-01,11934.60,1490.96,99.78
2026-07-01,12135.60,1711.68,110.70
2026-08-01,13156.74,1820.33,124.64
2026-09-01,11666.47,1530.88,
