date,가공식품 물가,원재료 값(원화),라면 수출(12개월 누적),원/달러
2023-01-01,116.75,154.80,865.89,1243.07
2023-02-01,118.30,163.85,885.88,1275.42
2023-03-01,118.92,171.87,889.24,1306.02
2023-04-01,118.67,173.89,905.48,1322.06
2023-05-01,118.47,165.74,902.75,1327.48
2023-06-01,119.20,158.86,925.49,1297.25
2023-07-01,118.97,157.69,942.10,1282.28
2023-08-01,119.22,156.25,967.59,1321.76
2023-09-01,119.37,157.51,993.97,1334.24
2023-10-01,120.21,161.11,1022.18,1351.51
2023-11-01,120.91,159.86,1048.22,1308.15
2023-12-01,121.04,157.21,1053.59,1304.39
2024-01-01,120.50,161.86,1080.53,1325.91
2024-02-01,120.58,161.07,1102.64,1331.33
2024-03-01,120.56,162.62,1120.97,1331.68
2024-04-01,120.60,169.76,1156.84,1367.86
2024-05-01,120.86,169.27,1191.00,1364.72
2024-06-01,120.67,161.76,1207.23,1379.05
2024-07-01,121.30,160.20,1241.48,1382.05
2024-08-01,121.43,156.06,1256.12,1351.44
2024-09-01,121.24,156.56,1269.79,1330.70
2024-10-01,122.22,162.79,1299.59,1362.37
2024-11-01,122.52,167.53,1327.02,1395.02
2024-12-01,123.44,171.38,1362.43,1440.00
2025-01-01,123.71,177.31,1382.06,1452.19
2025-02-01,124.04,171.71,1409.84,1444.79
2025-03-01,124.89,169.33,1433.11,1458.35
2025-04-01,125.58,167.48,1460.67,1439.78
2025-05-01,125.79,158.08,1480.58,1391.44
2025-06-01,126.22,153.37,1501.92,1364.68
2025-07-01,126.33,156.17,1523.82,1379.30
2025-08-01,126.54,155.15,1537.42,1389.00
2025-09-01,126.36,158.82,1581.64,1392.91
2025-10-01,126.46,157.17,1592.74,1423.08
2025-11-01,126.56,160.83,1600.20,1459.88
2025-12-01,126.58,166.84,1632.35,1465.36
2026-01-01,127.15,170.28,1657.04,1455.50
2026-02-01,126.66,172.03,1677.98,1447.29
2026-03-01,126.95,183.21,1727.87,1490.52
2026-04-01,126.87,186.05,1778.80,1483.80
2026-05-01,126.79,182.43,1804.23,1488.40
2026-06-01,127.34,179.42,1843.24,1529.46
2026-07-01,127.57,176.29,1864.50,1486.01
2026-08-01,128.42,,1909.11,1403.22
2026-09-01,129.03,,,1359.21
