date,close
2024-01-02,116900
2024-01-03,116600
2024-01-04,117200
2024-01-05,117800
2024-01-08,117100
2024-01-09,115600
2024-01-10,116800
2024-01-11,115000
2024-01-12,116800
2024-01-15,117100
2024-01-16,96600
2024-01-17,89800
2024-01-18,92700
2024-01-19,92000
2024-01-22,89700
2024-01-23,92700
2024-01-24,92400
2024-01-25,92700
2024-01-26,93700
2024-01-29,91500
2024-01-30,93000
2024-01-31,91700
2024-02-01,91500
2024-02-02,92800
2024-02-05,92800
2024-02-06,92200
2024-02-07,93300
2024-02-08,93000
2024-02-13,95600
2024-02-14,94800
2024-02-15,94200
2024-02-16,97200
2024-02-19,97700
2024-02-20,96800
2024-02-21,96200
2024-02-22,95100
2024-02-23,96600
2024-02-26,95900
2024-02-27,94300
2024-02-28,93700
2024-02-29,92900
2024-03-04,92800
2024-03-05,92100
2024-03-06,94100
2024-03-07,91900
2024-03-08,92000
2024-03-11,91200
2024-03-12,90900
2024-03-13,90600
2024-03-14,92500
2024-03-15,94300
2024-03-18,94100
2024-03-19,92000
2024-03-20,91000
2024-03-21,91200
2024-03-22,90800
2024-03-25,90500
2024-03-26,91000
2024-03-27,92500
2024-03-28,91800
2024-03-29,91000
2024-04-01,95500
2024-04-02,93200
2024-04-03,95300
2024-04-04,95700
2024-04-05,96400
2024-04-08,97200
2024-04-09,97200
2024-04-11,96500
2024-04-12,95600
2024-04-15,96300
2024-04-16,95700
2024-04-17,91100
2024-04-18,91200
2024-04-19,90300
2024-04-22,92500
2024-04-23,92100
2024-04-24,93100
2024-04-25,92400
2024-04-26,92100
2024-04-29,93500
2024-04-30,92900
2024-05-02,92900
2024-05-03,93000
2024-05-07,93400
2024-05-08,92700
2024-05-09,91700
2024-05-10,91800
2024-05-13,91800
2024-05-14,91300
2024-05-16,92400
2024-05-17,91900
2024-05-20,94800
2024-05-21,92700
2024-05-22,94000
2024-05-23,93500
2024-05-24,93100
2024-05-27,93600
2024-05-28,93700
2024-05-29,92300
2024-05-30,92100
2024-05-31,91700
2024-06-03,94400
2024-06-04,94600
2024-06-05,92600
2024-06-07,92400
2024-06-10,97900
2024-06-11,97200
2024-06-12,100200
2024-06-13,97500
2024-06-14,98900
2024-06-17,104400
2024-06-18,100900
2024-06-19,95300
2024-06-20,95200
2024-06-21,94000
2024-06-24,91800
2024-06-25,91600
2024-06-26,91400
2024-06-27,91600
2024-06-28,92200
2024-07-01,91600
2024-07-02,90900
2024-07-03,90400
2024-07-04,91000
2024-07-05,91400
2024-07-08,92400
2024-07-09,93900
2024-07-10,92200
2024-07-11,92200
2024-07-12,92000
2024-07-15,91900
2024-07-16,91000
2024-07-17,91300
2024-07-18,92000
2024-07-19,91000
2024-07-22,90700
2024-07-23,89900
2024-07-24,89600
2024-07-25,88600
2024-07-26,88200
2024-07-29,87900
2024-07-30,86900
2024-07-31,87600
2024-08-01,89800
2024-08-02,89600
2024-08-05,83900
2024-08-06,86600
2024-08-07,89800
2024-08-08,89600
2024-08-09,88700
2024-08-12,90100
2024-08-13,92000
2024-08-14,91700
2024-08-16,91100
2024-08-19,92000
2024-08-20,93600
2024-08-21,92700
2024-08-22,92200
2024-08-23,91600
2024-08-26,94200
2024-08-27,94500
2024-08-28,93700
2024-08-29,92500
2024-08-30,92000
2024-09-02,91300
2024-09-03,89700
2024-09-04,88700
2024-09-05,88700
2024-09-06,88100
2024-09-09,88800
2024-09-10,87300
2024-09-11,87300
2024-09-12,89200
2024-09-13,89000
2024-09-19,90200
2024-09-20,90700
2024-09-23,93600
2024-09-24,92100
2024-09-25,93900
2024-09-26,95700
2024-09-27,99600
2024-09-30,97500
2024-10-02,95900
2024-10-04,96700
2024-10-07,97200
2024-10-08,98000
2024-10-10,101000
2024-10-11,99000
2024-10-14,99000
2024-10-15,99900
2024-10-16,99900
2024-10-17,99000
2024-10-18,99900
2024-10-21,99500
2024-10-22,98700
2024-10-23,96900
2024-10-24,98700
2024-10-25,96800
2024-10-28,97900
2024-10-29,97200
2024-10-30,97300
2024-10-31,99800
2024-11-01,98800
2024-11-04,100400
2024-11-05,99000
2024-11-06,101200
2024-11-07,100700
2024-11-08,100800
2024-11-11,99000
2024-11-12,98100
2024-11-13,97800
2024-11-14,98000
2024-11-15,97100
2024-11-18,97600
2024-11-19,97800
2024-11-20,103400
2024-11-21,103000
2024-11-22,102500
2024-11-25,98900
2024-11-26,100700
2024-11-27,103100
2024-11-28,103000
2024-11-29,102600
2024-12-02,103500
2024-12-03,104000
2024-12-04,103900
2024-12-05,103800
2024-12-06,103800
2024-12-09,101000
2024-12-10,105500
2024-12-11,104500
2024-12-12,106000
2024-12-13,105100
2024-12-16,101600
2024-12-17,99800
2024-12-18,102200
2024-12-19,105300
2024-12-20,103500
2024-12-23,104700
2024-12-24,105300
2024-12-26,104800
2024-12-27,104300
2024-12-30,102400
2025-01-02,103100
2025-01-03,102900
2025-01-06,102900
2025-01-07,102800
2025-01-08,101700
2025-01-09,102200
2025-01-10,101100
2025-01-13,100000
2025-01-14,99300
2025-01-15,98400
2025-01-16,98300
2025-01-17,98400
2025-01-20,97600
2025-01-21,98500
2025-01-22,98400
2025-01-23,98200
2025-01-24,97100
2025-01-31,101400
2025-02-03,100800
2025-02-04,99800
2025-02-05,100200
2025-02-06,102900
2025-02-07,103200
2025-02-10,104500
2025-02-11,104900
2025-02-12,108000
2025-02-13,107600
2025-02-14,109800
2025-02-17,108600
2025-02-18,107700
2025-02-19,106900
2025-02-20,110100
2025-02-21,108000
2025-02-24,108700
2025-02-25,106800
2025-02-26,103900
2025-02-27,103700
2025-02-28,101900
2025-03-04,103000
2025-03-05,101300
2025-03-06,105800
2025-03-07,108100
2025-03-10,107600
2025-03-11,109200
2025-03-12,108200
2025-03-13,108800
2025-03-14,110400
2025-03-17,113700
2025-03-18,112800
2025-03-19,118300
2025-03-20,119400
2025-03-21,121900
2025-03-24,119600
2025-03-25,118900
2025-03-26,116300
2025-03-27,119100
2025-03-28,117900
2025-03-31,117900
2025-04-01,118100
2025-04-02,118700
2025-04-03,117900
2025-04-04,117200
2025-04-07,114700
2025-04-08,114100
2025-04-09,111100
2025-04-10,114700
2025-04-11,114500
2025-04-14,115200
2025-04-15,116700
2025-04-16,120800
2025-04-17,119300
2025-04-18,120800
2025-04-21,119600
2025-04-22,120000
2025-04-23,120800
2025-04-24,119700
2025-04-25,119600
2025-04-28,120600
2025-04-29,123700
2025-04-30,123200
2025-05-02,122700
2025-05-07,122700
2025-05-08,123300
2025-05-09,126900
2025-05-12,123400
2025-05-13,122500
2025-05-14,122600
2025-05-15,123300
2025-05-16,123100
2025-05-19,122200
2025-05-20,116900
2025-05-21,111700
2025-05-22,111200
2025-05-23,111800
2025-05-26,111200
2025-05-27,111700
2025-05-28,111200
2025-05-29,111600
2025-05-30,110400
2025-06-02,110800
2025-06-04,111700
2025-06-05,112300
2025-06-09,112500
2025-06-10,113000
2025-06-11,112500
2025-06-12,112700
2025-06-13,111400
2025-06-16,111100
2025-06-17,110200
2025-06-18,106900
2025-06-19,107000
2025-06-20,107200
2025-06-23,105500
2025-06-24,107400
2025-06-25,108600
2025-06-26,107900
2025-06-27,106600
2025-06-30,108800
2025-07-01,111700
2025-07-02,118500
2025-07-03,118500
2025-07-04,116000
2025-07-07,117200
2025-07-08,118200
2025-07-09,121600
2025-07-10,121400
2025-07-11,120700
2025-07-14,121000
2025-07-15,118800
2025-07-16,114000
2025-07-17,114700
2025-07-18,114700
2025-07-21,114000
2025-07-22,113700
2025-07-23,112700
2025-07-24,112700
2025-07-25,112000
2025-07-28,110500
2025-07-29,110900
2025-07-30,111500
2025-07-31,111300
2025-08-01,109500
2025-08-04,109500
2025-08-05,109700
2025-08-06,110800
2025-08-07,111100
2025-08-08,112000
2025-08-11,109500
2025-08-12,108700
2025-08-13,108500
2025-08-14,109500
2025-08-18,108200
2025-08-19,108000
2025-08-20,107000
2025-08-21,106700
2025-08-22,106300
2025-08-25,106100
2025-08-26,107500
2025-08-27,107000
2025-08-28,107200
2025-08-29,107800
2025-09-01,108200
2025-09-02,107700
2025-09-03,108200
2025-09-04,107400
2025-09-05,108400
2025-09-08,106200
2025-09-09,107900
2025-09-10,108300
2025-09-11,110400
2025-09-12,109900
2025-09-15,111200
2025-09-16,108800
2025-09-17,108000
2025-09-18,108300
2025-09-22,107100
2025-09-23,106100
2025-09-24,104600
2025-09-25,104700
2025-09-26,103700
2025-09-29,105000
2025-09-30,103600
2025-10-01,104900
2025-10-02,103300
2025-10-10,105000
2025-10-13,102100
2025-10-14,100800
2025-10-15,101100
2025-10-16,101500
2025-10-17,100500
2025-10-20,100600
2025-10-21,100400
2025-10-22,102200
2025-10-23,101500
2025-10-24,101200
2025-10-27,102000
2025-10-28,102000
2025-10-29,100800
2025-10-30,100500
2025-10-31,99300
2025-11-03,99800
2025-11-04,101900
2025-11-05,101800
2025-11-06,101700
2025-11-07,103600
2025-11-10,103400
2025-11-11,103100
2025-11-12,106500
2025-11-13,106700
2025-11-14,105400
2025-11-17,105400
2025-11-18,104900
2025-11-19,105200
2025-11-20,105500
2025-11-21,104800
2025-11-24,102300
2025-11-25,102700
2025-11-26,106700
2025-11-27,104900
2025-11-28,105500
2025-12-01,106000
2025-12-02,104000
2025-12-03,104500
2025-12-04,104500
2025-12-05,104100
2025-12-08,104200
2025-12-09,100900
2025-12-10,101500
2025-12-11,101600
2025-12-12,103800
2025-12-15,104700
2025-12-16,105000
2025-12-17,104800
2025-12-18,106100
2025-12-19,106000
2025-12-22,106800
2025-12-23,106000
2025-12-24,107700
2025-12-26,106700
2025-12-29,105400
2025-12-30,105700
2026-01-02,103100
2026-01-05,104000
2026-01-06,103800
2026-01-07,104400
2026-01-08,104500
2026-01-09,103100
2026-01-12,106500
2026-01-13,106600
2026-01-14,107300
2026-01-15,108500
2026-01-16,109300
2026-01-19,113100
2026-01-20,115200
2026-01-21,117000
2026-01-22,115600
2026-01-23,116400
2026-01-26,109900
2026-01-27,111000
2026-01-28,117000
2026-01-29,118100
2026-01-30,117500
2026-02-02,117800
2026-02-03,118000
2026-02-04,122000
2026-02-05,123400
2026-02-06,124000
2026-02-09,126500
2026-02-10,128200
2026-02-11,130000
2026-02-12,138600
2026-02-13,139200
2026-02-19,137000
2026-02-20,139500
2026-02-23,136000
2026-02-24,137400
2026-02-25,141000
2026-02-26,135800
2026-02-27,133400
2026-03-03,131200
2026-03-04,123600
2026-03-05,124100
2026-03-06,126500
2026-03-09,126000
2026-03-10,128500
2026-03-11,129000
2026-03-12,130100
2026-03-13,129300
2026-03-16,129000
2026-03-17,131100
2026-03-18,134000
2026-03-19,130600
2026-03-20,137800
2026-03-23,129600
2026-03-24,133400
2026-03-25,134100
2026-03-26,132200
2026-03-27,134500
2026-03-30,127000
2026-03-31,128000
2026-04-01,131500
2026-04-02,130000
2026-04-03,129800
2026-04-06,131200
2026-04-07,130000
2026-04-08,130000
2026-04-09,130400
2026-04-10,132400
2026-04-13,131400
2026-04-14,131400
2026-04-15,138000
2026-04-16,137700
2026-04-17,136900
2026-04-20,135000
2026-04-21,135400
2026-04-22,137100
2026-04-23,145500
2026-04-24,141800
2026-04-27,141400
2026-04-28,141200
2026-04-29,146000
2026-04-30,143600
2026-05-04,142800
2026-05-06,139200
2026-05-07,140000
2026-05-08,141200
2026-05-11,139600
2026-05-12,139100
2026-05-13,137800
2026-05-14,143200
2026-05-15,141000
2026-05-18,136200
2026-05-19,137600
2026-05-20,134600
2026-05-21,136400
2026-05-22,136900
2026-05-26,137300
2026-05-27,133300
2026-05-28,134200
2026-05-29,129600
2026-06-01,127700
2026-06-02,128400
2026-06-04,131000
2026-06-05,132600
2026-06-08,128000
2026-06-09,132900
2026-06-10,132500
2026-06-11,138100
2026-06-12,135500
2026-06-15,133800
2026-06-16,134000
2026-06-17,135100
2026-06-18,134000
2026-06-19,134000
2026-06-22,130100
2026-06-23,125500
2026-06-24,125400
2026-06-25,124800
2026-06-26,126400
2026-06-29,137900
2026-06-30,131900
2026-07-01,136700
2026-07-02,139000
2026-07-03,136300
2026-07-06,136900
2026-07-07,139500
2026-07-08,140300
2026-07-09,135500
2026-07-10,137100
2026-07-13,133700
2026-07-14,128400
2026-07-15,127100
2026-07-16,128400
2026-07-20,127000
2026-07-21,128000
2026-07-22,128600
2026-07-23,129300
2026-07-24,130500
2026-07-27,130000
2026-07-28,129900
2026-07-29,135000
2026-07-30,135300
2026-07-31,131800
2026-08-03,133500
2026-08-04,132700
2026-08-05,130300
2026-08-06,135500
2026-08-07,137600
2026-08-10,137500
2026-08-11,136000
2026-08-12,132800
2026-08-13,131800
2026-08-14,134000
2026-08-18,125100
2026-08-19,124100
2026-08-20,124600
2026-08-21,125400
2026-08-24,128300
2026-08-25,126700
2026-08-26,129000
2026-08-27,126200
2026-08-28,129500
2026-08-31,130000
2026-09-01,129700
2026-09-02,127500
2026-09-03,129300
2026-09-04,126300
2026-09-07,123000
2026-09-08,121100
2026-09-09,120000
2026-09-10,120100
2026-09-11,119300
2026-09-14,115300
2026-09-15,116000
2026-09-16,111400
2026-09-17,113500
2026-09-18,111500
2026-09-21,111200
2026-09-22,110900
2026-09-23,110100
2026-09-28,111500
2026-09-29,111500
2026-09-30,106900
2026-10-01,106100
2026-10-02,105300
2026-10-06,106500
